projeto,titulo_em_phases,wbs_em_activities,id_phases,id_activities
Teste 26/08/2026 - Tasy,1.1 Fase de Planejamento e Lançamento,1.1,07e216b1,480bc288
Teste  - Revitalização Tasy,1.3 3ª Fase - Validações / Testes /Ajustes/ Documentações,1.3,0b066038,a221e6ab
Revitalização Tasy,1.2 2ª. Fase - Cadastros e funções essenciais,1.2,0d90bd41,a960dfc4
Serviço de Ultrassonografia,1.9 Financeiro e Faturamento,1.9,0f0f5ec6,314fdbff
Serviço de Ultrassonografia,1.1 Iniciação,1.1,16c7b331,8b2f0f4e
Serviço de Ultrassonografia,1.8 Recursos Humanos e Capacitação,1.8,17f2d792,c2428e77
Teste  - Revitalização Tasy,1.2 2ª. Fase - Cadastros e funções essenciais,1.2,19cf8d3b,9456cef4
Serviço de Ultrassonografia,1.7 Processos Assistenciais,1.7,1d0ec3cd,3ee981dd
Guia Jornada do Paciente - Pronutrir Onboard - Desenvolvimento,1.1 Paciente entra com sua conta,1.1,22ddbb56,2ae661d3
Revitalização Tasy,1.4 4ª. Fase ETAPA I- Teste Piloto / Liberação / Acompanhamento,1.4,23ec8dd7,b989b2ec
Teste - Revitalização Tasy,1.2 2ª. Fase - Cadastros e funções essenciais,1.2,24d52f6c,651a3ba4
Teste 26/08/2026 - Tasy,1.2 Fase de Cadastros e Funções Essenciais,1.2,2d505ba2,b68f28cd
Guia Jornada do Paciente - Pronutrir Onboard - Desenvolvimento,1.7 Cadastro mais completo e confiavel,1.7,2e01c014,1bf546cb
Revitalização Tasy,1.1 1ª. Fase - Planejamento e Lançamento,1.1,3188c968,0678bc33
Guia Jornada do Paciente - Pronutrir Onboard - Desenvolvimento,1.9 Paciente instala o app e cuida do proprio acesso,1.9,321d2b30,6601db13
Serviço de Ultrassonografia,1.5 Equipamentos e Insumos,1.5,3bdc1b31,285e6103
Teste  - Revitalização Tasy,1.4 4ª. Fase ETAPA I- Teste Piloto / Liberação / Acompanhamento,1.4,4c60e196,76754f25
Revitalização Tasy,1.3 3ª Fase - Validações / Testes /Ajustes/ Documentações,1.3,4e2d8ead,b405bf55
Revitalização Tasy,1.1 1ª. Fase - Planejamento e Lançamento,1.1,54cee826,8277fd50
Teste - Revitalização Tasy,1.1 1ª. Fase - Planejamento e Lançamento,1.1,571f8055,9be87a73
Serviço de Ultrassonografia,1.11 Qualidade,1.11,5d1cbf5b,b7abc798
Serviço de Ultrassonografia,1.3 Governança e Modelo de Negócio,1.3,625c7f40,4f8331f3
Teste 02 - Revitalização Tasy,1.4 4ª. Fase ETAPA I- Teste Piloto / Liberação / Acompanhamento,1.4,67dd8389,d2e27313
Revitalização Tasy,1.1 1ª. Fase - Planejamento e Lançamento,1.1,6fdbfe21,0f02e8af
Revitalização Tasy,1.1 1ª. Fase - Planejamento e Lançamento,1.1,71dd9362,f9e11627
Projeto Escritório de Processos,4 FASE 3 · METODOLOGIA DE TRABALHO 27/10 – 09/12/2026 · 30 dias úteis · Entregável âncora: Manual guia do Escritório de Processos,4,7a0c87e2,543d2df8
Serviço de Ultrassonografia,1.6 Tecnologia da Informação,1.6,7a29325f,b3c3c548
Guia Jornada do Paciente - Pronutrir Onboard - Desenvolvimento,1.2 Paciente percorre a jornada de videos,1.2,7a2e1dc1,0f575e9c
Projeto Escritório de Processos,5 FASE 4 · DISSEMINAÇÃO 10/12/2026 – 22/01/2027 · 30 dias úteis · Entregável âncora: Equipes treinadas,5,8ab3d026,505fad27
Teste 02 - Revitalização Tasy,1.2 2ª. Fase - Cadastros e funções essenciais,1.2,90493fba,80395383
Serviço de Ultrassonografia,1.2 Planejamento,1.2,99381c4d,ccf24c88
Teste 02 - Revitalização Tasy,1.1 1ª. Fase - Planejamento e Lançamento,1.1,a0842a74,20be1149
Teste - Revitalização Tasy - 26/08/2026,1.2 Fase de Cadastros e Funções Essenciais,1.2,ac30fa69,5bea8902
Teste  - Revitalização Tasy,1.1 1ª. Fase - Planejamento e Lançamento,1.1,b05841bf,70610a58
Revitalização Tasy,1.3 3ª Fase - Validações / Testes /Ajustes/ Documentações,1.3,b428b4f6,7cd56006
Revitalização Tasy,1.3 3ª Fase - Validações / Testes /Ajustes/ Documentações,1.3,b564447b,87daaffa
Guia Jornada do Paciente - Pronutrir Onboard - Desenvolvimento,1.4 Paciente ve suas conquistas (selos e pontos),1.4,b923e934,fd5c2472
Revitalização Tasy,1.4 4ª. Fase ETAPA I- Teste Piloto / Liberação / Acompanhamento,1.4,ba5174ff,d599544c
Serviço de Ultrassonografia,1.10 Marketing e Comercial,1.10,c4fb4914,e92b3b90
Guia Jornada do Paciente - Pronutrir Onboard - Desenvolvimento,1.3 Paciente ve seu progresso salvo entre sessoes,1.3,c59c7d30,99e6490f
Teste 02 - Revitalização Tasy,1.3 3ª Fase - Validações / Testes /Ajustes/ Documentações,1.3,c725739f,efb297bd
Guia Jornada do Paciente - Pronutrir Onboard - Desenvolvimento,1.5 Paciente e clinica compartilham videos por link,1.5,c8b6f087,9229afe6
Guia Jornada do Paciente - Pronutrir Onboard - Desenvolvimento,1.6 Paciente avalia os videos,1.6,cb17b3c3,81a59a85
Teste - Revitalização Tasy - 26/08/2026,1.1 Fase de Planejamento e Lançamento,1.1,cd4067c7,ffdd6396
Revitalização Tasy,1.4 4ª. Fase ETAPA I- Teste Piloto / Liberação / Acompanhamento,1.4,cdc0e21a,7987de4f
Revitalização Tasy,1.2 2ª. Fase - Cadastros e funções essenciais,1.2,db784601,46818ede
Revitalização Tasy,1.3 3ª Fase - Validações / Testes /Ajustes/ Documentações,1.3,dc1562cc,f4fc5f96
Revitalização Tasy,1.4 4ª. Fase ETAPA I- Teste Piloto / Liberação / Acompanhamento,1.4,e1380047,3750f6a5
Teste - Revitalização Tasy - 26/08/2026,"1.4 Fase ETAPA I - Teste Piloto, Liberação e Acompanhamento",1.4,e1f66b59,74be3218
Revitalização Tasy,1.2 2ª. Fase - Cadastros e funções essenciais,1.2,e2687ac8,67c75afa
Guia Jornada do Paciente - Pronutrir Onboard - Desenvolvimento,1.8 Paciente reconhece a clinica em cada tela,1.8,e5985cc2,06fe5dd6
Serviço de Ultrassonografia,1.12 Implantação e Go Live,1.12,e665ffbb,eb626630
Teste - Revitalização Tasy - 26/08/2026,"1.3 Fase de Validações, Testes, Ajustes, Treinamentos e Documentações",1.3,f153aa21,73bcee52
Revitalização Tasy,1.2 2ª. Fase - Cadastros e funções essenciais,1.2,f32db3d9,ffbd98a9
Projeto Escritório de Processos,3 FASE 2 · DIAGNÓSTICO 06/10 – 26/10/2026 · 14 dias úteis · Entregável âncora: Diagnóstico da instituição,3,f46b55aa,e2f61c5a
Projeto Escritório de Processos,1 GERENCIAMENTO DO PROJETO,1,f48b338d,96d67487
Teste Revitalização Tasy,1.2 Fase de Cadastros e Funções Essenciais,1.2,f4dcde1e,acf76a85
Serviço de Ultrassonografia,1.13 Encerramento,1.13,f6f72275,d86bf5a3
Projeto Escritório de Processos,2 FASE 1 · MAPEAMENTO AS-IS 24/08 – 05/10/2026 · 30 dias úteis · Entregável âncora: SIPOC de todas as áreas,2,fc783356,cf85dd19
Serviço de Ultrassonografia,1.4 Infraestrutura,1.4,fe1ba8b4,b1ca569b